,Nuclei_Location_Center_X,Nuclei_Location_Center_Y
3096,64.55555555555556,1487.4246913580248
