,Nuclei_Location_Center_X,Nuclei_Location_Center_Y
5548,694.0298165137615,798.5481651376147
5549,80.03973509933775,1030.9602649006622
