,Nuclei_Location_Center_X,Nuclei_Location_Center_Y
23790,784.2995594713657,729.7577092511013
23791,473.76299376299374,1742.825363825364
