,Nuclei_Location_Center_X,Nuclei_Location_Center_Y
40590,1846.9519450800915,1169.775743707094
