,Nuclei_Location_Center_X,Nuclei_Location_Center_Y
40799,1804.3534136546184,530.8674698795181
40800,155.01846153846154,1696.1046153846153
