,Nuclei_Location_Center_X,Nuclei_Location_Center_Y
46826,732.3821138211382,47.34959349593496
