,Nuclei_Location_Center_X,Nuclei_Location_Center_Y
58817,323.1306818181818,638.8636363636364
