,Nuclei_Location_Center_X,Nuclei_Location_Center_Y
67259,1833.2601431980904,393.6563245823389
67260,1764.949902407287,450.1164606376057
67261,1719.3313609467457,493.13757396449705
67262,1694.9414225941423,520.255230125523
67263,1628.249757673667,598.3793214862682
67264,1528.3811023622047,690.7732283464567
67265,1494.49375,716.090625
67266,1463.9254658385094,739.8364389233955
67267,1423.3660130718954,767.7843137254902
