,Nuclei_Location_Center_X,Nuclei_Location_Center_Y
74761,2005.455128205128,1777.4166666666667
