,Nuclei_Location_Center_X,Nuclei_Location_Center_Y
74762,1060.0380952380951,2009.3619047619047
