,Nuclei_Location_Center_X,Nuclei_Location_Center_Y
75268,144.77165354330708,372.2204724409449
