,Nuclei_Location_Center_X,Nuclei_Location_Center_Y
75267,78.17647058823529,896.2283737024221
